Blue;453;+23.58
Green;453;+23.58
Green1.3d2_OASIS;453;+23.58
Pumpkin;397;+2.15
Texture Subset;387;+18.92
minimal;324;+20.26
naive minimal;263;+26.17
all;369;+32.4
OSA;191;+3.62
PMC__20_Century_Br_Hist0.01;85;+.83
PMC__2d_Mater0.01;88;+1.02
PMC__3D_Print_Addit_Manuf0.01;140;+3.05
PMC__3D_Print_Med0.01;157;+7.32
PMC__3_Biotech0.01;147;+5.99
PMC__AAPS_J0.01;158;+6.89
PMC__AAPS_PharmSciTech0.01;144;+4.86
PMC__AAS_Open_Res0.01;142;+3.77
PMC__ACG_Case_Rep_J0.01;109;+1.88
PMC__AIDS0.01;142;+6.01
PMC__AIDS_Behav0.01;151;+5.85
PMC__AIDS_Care0.01;170;+7.26
PMC__AIDS_Res_Ther0.01;161;+8.19
PMC__AIDS_Res_Treat0.01;142;+4.65
PMC__AIMS_Microbiol0.01;135;+4.43
PMC__AIMS_Neurosci0.01;146;+5.74
PMC__AIMS_Public_Health0.01;152;+4.03
PMC__AMB_Express0.01;161;+7.74
PMC__APL_Bioeng0.01;159;+4.42
PMC__APSP_J_Case_Rep0.01;90;+1.17
PMC__ASN_Neuro0.01;161;+6.18
PMC__Abdom_Radiol_(NY)0.01;158;+7.31
PMC__Access_Microbiol0.01;154;+4.47
PMC__Acta_Biomater0.01;145;+4.94
PMC__Acta_Cir_Bras0.01;144;+3.54
PMC__Acta_Crystallogr_A_Found_Adv0.01;140;+2.23
PMC__Acta_Crystallogr_B_Struct_Sci_Cryst_Eng_Mater0.01;143;+2.65
PMC__Acta_Crystallogr_C_Struct_Chem0.01;134;+2.1
PMC__Acta_Crystallogr_D_Biol_Crystallogr0.01;134;+2.51
PMC__Acta_Crystallogr_D_Struct_Biol0.01;146;+3.08
PMC__Acta_Crystallogr_E_Crystallogr_Commun0.01;138;+2.42
PMC__Acta_Crystallogr_F_Struct_Biol_Commun0.01;143;+2.76
PMC__Acta_Crystallogr_Sect_E_Struct_Rep_Online0.01;119;+2.0
PMC__Acta_Crystallogr_Sect_F_Struct_Biol_Cryst_Commun0.01;128;+2.38
PMC__Acta_Diabetol0.01;151;+7.29
PMC__Acta_Naturae0.01;128;+2.58
PMC__Acta_Neurochir_(Wien)0.01;147;+6.58
PMC__Acta_Neuropathol0.01;150;+6.65
PMC__Acta_Neuropathol_Commun0.01;159;+7.48
PMC__Acta_Orthop0.01;155;+4.47
PMC__Acta_Ortop_Bras0.01;145;+3.54
PMC__Acta_Paediatr0.01;187;+10.02
PMC__Acta_Physiol_(Oxf)0.01;182;+10.07
PMC__Acta_Vet_Scand0.01;167;+8.97
PMC__Acute_Med_Surg0.01;163;+4.44
PMC__Addict_Behav_Rep0.01;139;+5.41
PMC__Addict_Sci_Clin_Pract0.01;161;+5.98
PMC__Addiction0.01;179;+7.84
PMC__Adipocyte0.01;178;+5.06
PMC__Adm_Policy_Ment_Health0.01;152;+4.98
PMC__Adv_Bioinformatics0.01;148;+5.73
PMC__Adv_Cogn_Psychol0.01;128;+2.55
PMC__Adv_Differ_Equ0.01;142;+4.01
PMC__Adv_Health_Sci_Educ_Theory_Pract0.01;148;+5.92
PMC__Adv_Hematol0.01;138;+4.17
PMC__Adv_Mater0.01;173;+6.9
PMC__Adv_Med0.01;138;+3.67
PMC__Adv_Orthop0.01;142;+4.67
PMC__Adv_Pharm_Bull0.01;122;+2.27
PMC__Adv_Pharmacol_Sci0.01;142;+4.32
PMC__Adv_Prev_Med0.01;147;+5.04
PMC__Adv_Sci_(Weinh)0.01;164;+4.27
PMC__Adv_Simul_(Lond)0.01;155;+6.64
PMC__Adv_Struct_Chem_Imaging0.01;147;+5.0
PMC__Adv_Urol0.01;142;+4.43
PMC__Adv_Virol0.01;142;+4.79
PMC__Aesthetic_Plast_Surg0.01;139;+4.13
PMC__Afr_Health_Sci0.01;125;+3.16
PMC__Afr_J_Disabil0.01;145;+4.26
PMC__Afr_J_Lab_Med0.01;133;+3.94
PMC__Afr_J_Prim_Health_Care_Fam_Med0.01;139;+4.83
PMC__Age_Ageing0.01;175;+8.57
PMC__Aging_(Albany_NY)0.01;155;+5.17
PMC__Aging_Cell0.01;183;+10.74
PMC__Aging_Clin_Exp_Res0.01;149;+7.44
PMC__Aging_Dis0.01;128;+3.88
PMC__Aging_Med_(Milton)0.01;174;+5.6
PMC__Alcohol_Health_Res_World0.01;119;+2.42
PMC__Alcohol_Res0.01;132;+2.78
PMC__Alcohol_Res_Health0.01;130;+3.27
PMC__Algorithms_Mol_Biol0.01;160;+7.19
PMC__Aliment_Pharmacol_Ther0.01;166;+5.43
PMC__Allergol_Select0.01;111;+1.96
PMC__Allergy0.01;181;+9.15
PMC__Allergy_Asthma_Clin_Immunol0.01;170;+8.96
PMC__Alzheimers_Dement_(Amst)0.01;169;+5.95
PMC__Alzheimers_Res_Ther0.01;163;+9.42
PMC__Am_J_Clin_Nutr0.01;159;+4.81
PMC__Am_J_Dent_Sci0.01;63;+.62
PMC__Am_J_Epidemiol0.01;184;+8.91
PMC__Am_J_Hematol0.01;170;+5.88
PMC__Am_J_Hum_Genet0.01;130;+5.06
PMC__Am_J_Med_Case_Rep0.01;125;+2.85
PMC__Am_J_Med_Genet_A0.01;176;+7.76
PMC__Am_J_Physiol_Heart_Circ_Physiol0.01;166;+6.38
PMC__Am_J_Physiol_Lung_Cell_Mol_Physiol0.01;157;+4.73
PMC__Am_J_Trop_Med_Hyg0.01;143;+4.62
PMC__Ambio0.01;148;+6.09
PMC__Amino_Acids0.01;147;+5.74
PMC__An_Bras_Dermatol0.01;132;+4.26
PMC__Anal_Bioanal_Chem0.01;149;+5.28
PMC__Anal_Cell_Pathol_(Amst)0.01;141;+4.39
PMC__Anat_Res_Int0.01;142;+4.41
PMC__Anemia0.01;139;+4.28
PMC__Anesth_Pain_Med0.01;128;+4.01
PMC__Anesthesiol_Res_Pract0.01;146;+4.96
PMC__Angew_Chem_Int_Ed_Engl0.01;180;+7.01
PMC__Angiogenesis0.01;152;+6.28
PMC__Anim_Cells_Syst_(Seoul)0.01;168;+4.36
PMC__Anim_Cogn0.01;142;+4.69
PMC__Anim_Front0.01;145;+3.25
PMC__Anim_Genet0.01;179;+9.52
PMC__Anim_Microbiome0.01;145;+5.5
PMC__Anim_Reprod0.01;175;+5.46
PMC__Anim_Sci_J0.01;173;+7.22
PMC__Animal0.01;161;+4.2
PMC__Animals_(Basel)0.01;152;+4.78
PMC__Ann_Biomed_Eng0.01;150;+7.93
PMC__Ann_Bot0.01;169;+7.33
PMC__Ann_Clin_Microbiol_Antimicrob0.01;160;+8.08
PMC__Ann_Clin_Transl_Neurol0.01;177;+7.99
PMC__Ann_Gastroenterol_Surg0.01;170;+5.76
PMC__Ann_Gen_Psychiatry0.01;161;+9.16
PMC__Ann_Glob_Health0.01;149;+3.18
PMC__Ann_Hematol0.01;140;+3.95
PMC__Ann_Indian_Acad_Neurol0.01;126;+3.53
PMC__Ann_Intensive_Care0.01;165;+9.1
PMC__Ann_Med_Surg_(Lond)0.01;134;+6.01
PMC__Ann_N_Y_Acad_Sci0.01;174;+7.21
PMC__Ann_Neurol0.01;180;+7.34
PMC__Ann_Noninvasive_Electrocardiol0.01;173;+5.38
PMC__Ann_Nucl_Med0.01;147;+6.81
PMC__Ann_Occup_Environ_Med0.01;159;+7.57
PMC__Ann_Oncol0.01;170;+6.58
PMC__Ann_Pediatr_Cardiol0.01;106;+2.46
PMC__Ann_R_Coll_Surg_Engl0.01;143;+3.02
PMC__Ann_Rheum_Dis0.01;168;+7.58
PMC__Ann_Saudi_Med0.01;116;+2.86
PMC__Ann_Surg_Innov_Res0.01;147;+4.61
PMC__Ann_Surg_Oncol0.01;145;+4.44
PMC__Ann_Thorac_Med0.01;120;+3.65
PMC__Ann_Vasc_Dis0.01;110;+1.84
PMC__Antibiotics_(Basel)0.01;153;+5.08
PMC__Antibodies_(Basel)0.01;162;+6.47
PMC__Antimicrob_Agents_Chemother0.01;180;+6.8
PMC__Antimicrob_Resist_Infect_Control0.01;164;+7.78
PMC__Antioxid_Redox_Signal0.01;159;+6.39
PMC__Antioxidants_(Basel)0.01;146;+4.69
PMC__Antonie_Van_Leeuwenhoek0.01;145;+5.81
PMC__AoB_Plants0.01;172;+7.97
PMC__Aorta_(Stamford)0.01;127;+2.71
PMC__Apoptosis0.01;147;+5.37
PMC__Appl_Bionics_Biomech0.01;142;+4.73
PMC__Appl_Environ_Microbiol0.01;177;+5.47
PMC__Appl_Microbiol_Biotechnol0.01;146;+5.15
PMC__Appl_Microsc0.01;143;+4.49
PMC__Appl_Netw_Sci0.01;148;+6.78
PMC__Appl_Plant_Sci0.01;180;+7.15
PMC__Aquat_Biosyst0.01;135;+3.54
PMC__Arab_J_Urol0.01;170;+3.93
PMC__Arch_Acad_Emerg_Med0.01;114;+3.04
PMC__Arch_Anim_Breed0.01;139;+2.83
PMC__Arch_Dermatol_Res0.01;146;+5.5
PMC__Arch_Dis_Child0.01;167;+6.97
PMC__Arch_Dis_Child_Fetal_Neonatal_Ed0.01;161;+5.93
PMC__Arch_Environ_Contam_Toxicol0.01;138;+3.39
PMC__Arch_Gynecol_Obstet0.01;148;+6.29
PMC__Arch_Immunol_Ther_Exp_(Warsz)0.01;144;+5.18
PMC__Arch_Microbiol0.01;146;+5.93
PMC__Arch_Orthop_Trauma_Surg0.01;148;+6.64
PMC__Arch_Osteoporos0.01;148;+5.87
PMC__Arch_Physiother0.01;154;+5.76
PMC__Arch_Public_Health0.01;166;+8.63
PMC__Arch_Sex_Behav0.01;138;+3.75
PMC__Arch_Toxicol0.01;147;+5.63
PMC__Arch_Trauma_Res0.01;129;+3.81
PMC__Arch_Virol0.01;144;+4.58
PMC__Arch_Womens_Ment_Health0.01;141;+4.16
PMC__Archaea0.01;146;+4.97
PMC__Arq_Bras_Cardiol0.01;167;+5.37
PMC__Arq_Bras_Cir_Dig0.01;144;+3.35
PMC__Arterioscler_Thromb_Vasc_Biol0.01;127;+2.41
PMC__Arthritis0.01;140;+4.33
PMC__Arthritis_Care_Res_(Hoboken)0.01;172;+6.46
PMC__Arthritis_Res_Ther0.01;167;+8.58
PMC__Arthritis_Rheum0.01;122;+2.95
PMC__Arthritis_Rheumatol0.01;175;+5.72
PMC__Asia_Ocean_J_Nucl_Med_Biol0.01;122;+4.11
PMC__Asia_Pac_Fam_Med0.01;149;+4.54
PMC__Asian-Australas_J_Anim_Sci0.01;132;+4.67
PMC__Asian_J_Transfus_Sci0.01;121;+3.05
PMC__Asian_Pac_Isl_Nurs_J0.01;137;+3.27
PMC__Asian_Pac_J_Cancer_Prev0.01;110;+2.29
PMC__Asthma_Res_Pract0.01;150;+6.44
PMC__Astrobiology0.01;167;+6.84
PMC__Atherosclerosis0.01;148;+7.81
PMC__Atten_Percept_Psychophys0.01;140;+3.77
PMC__Aust_New_Zealand_Health_Policy0.01;114;+2.46
PMC__Autism_Res0.01;181;+9.46
PMC__Autism_Res_Treat0.01;144;+5.07
PMC__Auto_Immun_Highlights0.01;143;+4.35
PMC__Autoimmune_Dis0.01;139;+4.15
PMC__Autophagy0.01;186;+6.68
PMC__Avicenna_J_Med_Biotechnol0.01;125;+4.36
PMC__Avicenna_J_Phytomed0.01;117;+3.29
PMC__BDJ_Open0.01;154;+5.12
PMC__BJGP_Open0.01;156;+3.78
PMC__BJOG0.01;181;+8.74
PMC__BJPsych_Bull0.01;178;+5.86
PMC__BJPsych_Open0.01;167;+4.35
PMC__BJR_Case_Rep0.01;146;+3.73
PMC__BJR_Open0.01;149;+4.18
PMC__BJS_Open0.01;167;+4.04
PMC__BMC_Anesthesiol0.01;164;+8.39
PMC__BMC_Biochem0.01;158;+5.78
PMC__BMC_Bioinformatics0.01;169;+8.54
PMC__BMC_Biol0.01;160;+7.99
PMC__BMC_Biomed_Eng0.01;147;+5.34
PMC__BMC_Biophys0.01;159;+7.68
PMC__BMC_Biotechnol0.01;160;+8.3
PMC__BMC_Blood_Disord0.01;118;+2.52
PMC__BMC_Cancer0.01;162;+9.47
PMC__BMC_Cardiovasc_Disord0.01;158;+7.12
PMC__BMC_Cell_Biol0.01;165;+6.26
PMC__BMC_Chem0.01;145;+5.87
PMC__BMC_Clin_Pathol0.01;156;+5.95
PMC__BMC_Clin_Pharmacol0.01;121;+2.91
PMC__BMC_Complement_Altern_Med0.01;165;+8.73
PMC__BMC_Complement_Med_Ther0.01;147;+6.02
PMC__BMC_Dermatol0.01;160;+8.3
PMC__BMC_Dev_Biol0.01;159;+7.64
PMC__BMC_Ear_Nose_Throat_Disord0.01;162;+7.9
PMC__BMC_Ecol0.01;162;+8.38
PMC__BMC_Emerg_Med0.01;166;+8.49
PMC__BMC_Endocr_Disord0.01;160;+7.59
PMC__BMC_Evol_Biol0.01;167;+8.8
PMC__BMC_Fam_Pract0.01;161;+6.96
PMC__BMC_Gastroenterol0.01;159;+7.64
PMC__BMC_Genet0.01;171;+9.57
PMC__BMC_Genomics0.01;170;+8.98
PMC__BMC_Geriatr0.01;165;+7.82
PMC__BMC_Health_Serv_Res0.01;166;+7.95
PMC__BMC_Hematol0.01;157;+5.98
PMC__BMC_Immunol0.01;164;+8.01
PMC__BMC_Infect_Dis0.01;169;+9.53
PMC__BMC_Int_Health_Hum_Rights0.01;165;+7.78
PMC__BMC_Med0.01;161;+8.59
PMC__BMC_Med_Educ0.01;163;+9.28
PMC__BMC_Med_Ethics0.01;160;+6.01
PMC__BMC_Med_Genet0.01;161;+7.47
PMC__BMC_Med_Genomics0.01;171;+9.98
PMC__BMC_Med_Imaging0.01;160;+7.6
PMC__BMC_Med_Inform_Decis_Mak0.01;173;+10.83
PMC__BMC_Med_Res_Methodol0.01;164;+9.81
PMC__BMC_Microbiol0.01;162;+8.34
PMC__BMC_Mol_Biol0.01;156;+5.71
PMC__BMC_Mol_Cell_Biol0.01;152;+5.47
PMC__BMC_Musculoskelet_Disord0.01;164;+7.64
PMC__BMC_Nephrol0.01;160;+7.81
PMC__BMC_Neurol0.01;161;+8.7
PMC__BMC_Neurosci0.01;165;+8.26
PMC__BMC_Nurs0.01;167;+7.76
PMC__BMC_Nutr0.01;157;+7.12
PMC__BMC_Obes0.01;151;+7.49
PMC__BMC_Ophthalmol0.01;160;+7.98
PMC__BMC_Oral_Health0.01;166;+8.45
PMC__BMC_Palliat_Care0.01;161;+7.94
PMC__BMC_Pediatr0.01;161;+6.96
PMC__BMC_Pharmacol0.01;126;+2.88
PMC__BMC_Pharmacol_Toxicol0.01;164;+7.05
PMC__BMC_Physiol0.01;155;+5.26
PMC__BMC_Plant_Biol0.01;167;+8.47
PMC__BMC_Pregnancy_Childbirth0.01;170;+9.97
PMC__BMC_Proc0.01;152;+4.04
PMC__BMC_Psychiatry0.01;160;+8.04
PMC__BMC_Psychol0.01;149;+6.88
PMC__BMC_Public_Health0.01;166;+8.88
PMC__BMC_Pulm_Med0.01;162;+8.77
PMC__BMC_Res_Notes0.01;163;+8.31
PMC__BMC_Rheumatol0.01;153;+5.05
PMC__BMC_Sports_Sci_Med_Rehabil0.01;163;+7.78
PMC__BMC_Struct_Biol0.01;166;+8.49
PMC__BMC_Surg0.01;163;+7.12
PMC__BMC_Syst_Biol0.01;169;+8.54
PMC__BMC_Urol0.01;158;+6.84
PMC__BMC_Vet_Res0.01;159;+8.04
PMC__BMC_Womens_Health0.01;165;+7.95
PMC__BMJ0.01;141;+3.63
PMC__BMJ_Glob_Health0.01;167;+6.71
PMC__BMJ_Open0.01;170;+8.02
PMC__BMJ_Open_Diabetes_Res_Care0.01;159;+5.22
PMC__BMJ_Open_Respir_Res0.01;165;+6.59
PMC__BMJ_Open_Sport_Exerc_Med0.01;167;+6.39
PMC__BMJ_Paediatr_Open0.01;152;+4.41
PMC__BMJ_Qual_Saf0.01;164;+7.32
PMC__Balkan_Med_J0.01;99;+1.45
PMC__Basic_Clin_Androl0.01;148;+5.81
PMC__Basic_Clin_Neurosci0.01;129;+4.15
PMC__Basic_Res_Cardiol0.01;137;+3.27
PMC__Behav_Brain_Funct0.01;159;+7.33
PMC__Behav_Brain_Res0.01;144;+7.98
PMC__Behav_Ecol0.01;158;+4.97
PMC__Behav_Ecol_Sociobiol0.01;151;+7.25
PMC__Behav_Genet0.01;153;+7.82
PMC__Behav_Neurol0.01;147;+5.25
PMC__Behav_Res_Methods0.01;149;+6.29
PMC__Behav_Res_Ther0.01;141;+6.85
PMC__Behav_Sci_(Basel)0.01;154;+4.88
PMC__Beilstein_J_Nanotechnol0.01;134;+3.32
PMC__Beilstein_J_Org_Chem0.01;137;+3.72
PMC__BioData_Min0.01;163;+10.05
PMC__Bio_Protoc0.01;129;+3.31
PMC__Biochem_Biophys_Rep0.01;144;+5.64
PMC__Biochem_Biophys_Res_Commun0.01;133;+5.06
PMC__Biochem_J0.01;167;+6.24
PMC__Biochem_Med_(Zagreb)0.01;138;+3.81
PMC__Biochem_Pharmacol0.01;143;+4.79
PMC__Biochem_Res_Int0.01;142;+4.8
PMC__Biochem_Soc_Trans0.01;161;+5.09
PMC__Biochim_Biophys_Acta0.01;149;+5.52
PMC__Biodivers_Data_J0.01;160;+3.01
PMC__Bioelectron_Med0.01;153;+5.19
PMC__Bioeng_Transl_Med0.01;179;+6.15
PMC__Bioengineered0.01;169;+5.63
PMC__Bioengineering_(Basel)0.01;149;+5.04
PMC__Bioessays0.01;179;+7.41
PMC__Bioethics0.01;174;+6.28
PMC__Biogerontology0.01;150;+7.0
PMC__Bioinform_Biol_Insights0.01;168;+8.37
PMC__Bioinformatics0.01;160;+4.95
PMC__Bioinformation0.01;114;+2.29
PMC__Bioinorg_Chem_Appl0.01;151;+5.83
PMC__Biol_Cybern0.01;148;+5.06
PMC__Biol_Direct0.01;161;+8.36
PMC__Biol_Lett0.01;165;+7.27
PMC__Biol_Mood_Anxiety_Disord0.01;144;+4.14
PMC__Biol_Open0.01;142;+2.32
PMC__Biol_Proced_Online0.01;160;+7.99
PMC__Biol_Psychiatry0.01;133;+5.48
PMC__Biol_Reprod0.01;160;+4.54
PMC__Biol_Res0.01;150;+7.76
PMC__Biol_Rev_Camb_Philos_Soc0.01;178;+7.94
PMC__Biol_Sex_Differ0.01;164;+7.5
PMC__Biol_Trace_Elem_Res0.01;145;+5.52
PMC__Biology_(Basel)0.01;154;+5.41
PMC__Biom_J0.01;182;+9.48
PMC__Biomark_Insights0.01;143;+4.84
PMC__Biomark_Res0.01;158;+7.59
PMC__Biomater_Res0.01;152;+7.81
PMC__Biomaterials0.01;157;+7.95
PMC__Biomech_Model_Mechanobiol0.01;145;+5.14
PMC__Biomed_Eng_Online0.01;169;+8.48
PMC__Biomed_Imaging_Interv_J0.01;131;+3.83
PMC__Biomed_Microdevices0.01;144;+5.06
PMC__Biomed_Opt_Express0.01;146;+3.72
PMC__Biomed_Rep0.01;127;+3.32
PMC__Biomed_Res_Int0.01;151;+5.75
PMC__Biomedica0.01;144;+3.07
PMC__Biomedicine_(Taipei)0.01;156;+4.72
PMC__Biomedicines0.01;150;+5.28
PMC__Biometals0.01;155;+7.07
PMC__Biomicrofluidics0.01;159;+3.97
PMC__Biomimetics_(Basel)0.01;152;+4.45
PMC__Biomol_NMR_Assign0.01;147;+6.28
PMC__Biomolecules0.01;152;+5.37
PMC__Bioorg_Med_Chem0.01;140;+4.39
PMC__Bioorg_Med_Chem_Lett0.01;139;+4.15
PMC__Biophys_J0.01;128;+4.14
PMC__Biophys_Rep0.01;139;+4.01
PMC__Biophys_Rev0.01;155;+9.29
PMC__Bioprocess_Biosyst_Eng0.01;144;+5.02
PMC__Biopsychosoc_Med0.01;159;+6.94
PMC__Biores_Open_Access0.01;153;+5.08
PMC__Bioresour_Bioprocess0.01;144;+4.16
PMC__Biosci_Rep0.01;158;+4.86
PMC__Biosensors_(Basel)0.01;151;+5.11
PMC__Biostatistics0.01;161;+5.02
PMC__Biotechnol_Bioeng0.01;184;+9.73
PMC__Biotechnol_Biofuels0.01;162;+8.86
PMC__Biotechnol_Biotechnol_Equip0.01;156;+4.46
PMC__Biotechnol_J0.01;177;+7.34
PMC__Biotechnol_Lett0.01;147;+5.79
PMC__Biotechnol_Rep_(Amst)0.01;146;+6.24
PMC__Biotechnol_Res_Int0.01;146;+4.72
PMC__Blood_Cancer_J0.01;152;+4.56
PMC__Bone0.01;143;+8.55
PMC__Bone_Marrow_Res0.01;135;+3.58
PMC__Bone_Marrow_Transplant0.01;167;+7.14
PMC__Bone_Rep0.01;138;+6.08
PMC__Bone_Res0.01;156;+5.42
PMC__Borderline_Personal_Disord_Emot_Dysregul0.01;148;+6.16
PMC__Bosn_J_Basic_Med_Sci0.01;101;+1.93
PMC__Bot_Stud0.01;151;+7.41
PMC__Br_Foreign_Med_Rev0.01;53;+.59
PMC__Br_J_Cancer0.01;165;+6.96
PMC__Br_J_Dermatol0.01;179;+8.69
PMC__Br_J_Gen_Pract0.01;142;+4.3
PMC__Br_J_Haematol0.01;179;+8.26
PMC__Br_J_Nutr0.01;177;+5.76
PMC__Br_J_Ophthalmol0.01;167;+6.58
PMC__Br_J_Pharmacol0.01;192;+9.88
PMC__Br_J_Psychiatry0.01;179;+6.21
PMC__Br_J_Radiol0.01;153;+4.1
PMC__Br_J_Sports_Med0.01;163;+6.2
PMC__Br_J_Surg0.01;177;+6.2
PMC__Brain0.01;171;+7.03
PMC__Brain_Behav0.01;185;+11.45
PMC__Brain_Behav_Immun0.01;130;+5.57
PMC__Brain_Commun0.01;159;+5.05
PMC__Brain_Imaging_Behav0.01;158;+5.57
PMC__Brain_Inform0.01;152;+7.18
PMC__Brain_Pathol0.01;183;+8.65
PMC__Brain_Sci0.01;157;+5.04
PMC__Brain_Struct_Funct0.01;148;+7.05
PMC__Brain_Topogr0.01;148;+6.26
PMC__Braz_J_Cardiovasc_Surg0.01;144;+3.56
PMC__Braz_J_Med_Biol_Res0.01;147;+3.85
PMC__Braz_J_Microbiol0.01;156;+5.19
PMC__Braz_J_Phys_Ther0.01;163;+5.11
PMC__Breast_Cancer0.01;144;+5.22
PMC__Breast_Cancer_Res0.01;167;+8.39
PMC__Breast_Cancer_Res_Treat0.01;149;+7.66
PMC__Brief_Bioinform0.01;170;+6.73
PMC__Brief_Funct_Genomics0.01;157;+4.55
PMC__Bristol_Med_Chir_J0.01;67;+.8
PMC__Bristol_Med_Chir_J_(1883)0.01;58;+.82
PMC__Bull_Emerg_Trauma0.01;116;+3.01
PMC__Bull_Environ_Contam_Toxicol0.01;139;+4.01
PMC__Bull_Math_Biol0.01;145;+4.71
PMC__Bull_World_Health_Organ0.01;147;+3.25
PMC__Bundesgesundheitsblatt_Gesundheitsforschung_Gesundheitsschutz0.01;138;+3.16
PMC__Burns_Trauma0.01;172;+8.32
PMC__OTO_Open0.01;150;+5.24
PMC__Obes_Facts0.01;129;+3.6
PMC__Obes_Rev0.01;186;+10.35
PMC__Obes_Sci_Pract0.01;180;+6.28
PMC__Obes_Surg0.01;146;+4.88
PMC__Obesity_Silver_Spring_0.01;197;+12.04
PMC__Obstet_Gynecol0.01;116;+1.77
PMC__Obstet_Gynecol_Sci0.01;153;+6.75
PMC__Occup_Environ_Med0.01;173;+8.35
PMC__Occup_Med_Lond_0.01;161;+5.35
PMC__Oecologia0.01;139;+3.79
PMC__Oman_J_Ophthalmol0.01;120;+3.82
PMC__Oman_Med_J0.01;123;+2.57
PMC__Onco_Targets_Ther0.01;173;+7.98
PMC__Oncogene0.01;172;+8.6
PMC__Oncogenesis0.01;129;+2.63
PMC__Oncoimmunology0.01;193;+8.03
PMC__Oncol_Lett0.01;134;+3.64
PMC__Oncol_Rep0.01;143;+4.27
PMC__Oncol_Res0.01;124;+2.31
PMC__Oncol_Rev0.01;143;+3.99
PMC__Oncol_Ther0.01;145;+4.82
PMC__Oncologist0.01;198;+7.49
PMC__Oncolytic_Virother0.01;162;+5.58
PMC__One_Health0.01;140;+6.16
PMC__Online_J_Public_Health_Inform0.01;144;+4.36
PMC__Open_AIDS_J0.01;150;+6.11
PMC__Open_Access_Emerg_Med0.01;169;+7.29
PMC__Open_Access_J_Contracept0.01;181;+7.67
PMC__Open_Access_J_Sports_Med0.01;162;+6.32
PMC__Open_Access_J_Urol0.01;116;+2.86
PMC__Open_Access_Maced_J_Med_Sci0.01;118;+3.81
PMC__Open_Access_Rheumatol0.01;163;+6.26
PMC__Open_Biochem_J0.01;140;+4.83
PMC__Open_Biomed_Eng_J0.01;152;+5.73
PMC__Open_Cardiovasc_Med_J0.01;141;+4.12
PMC__Open_Dent_J0.01;145;+5.0
PMC__Open_Forum_Infect_Dis0.01;166;+6.28
PMC__Open_Heart0.01;165;+7.29
PMC__Open_Life_Sci0.01;144;+5.24
PMC__Open_Med0.01;140;+3.31
PMC__Open_Med_Chem_J0.01;141;+5.19
PMC__Open_Med_Inform_J0.01;152;+5.69
PMC__Open_Med_Wars_0.01;152;+5.82
PMC__Open_Microbiol_J0.01;143;+4.72
PMC__Open_Neuroimag_J0.01;151;+5.66
PMC__Open_Neurol_J0.01;144;+5.48
PMC__Open_Nurs_J0.01;141;+3.86
PMC__Open_Ophthalmol_J0.01;144;+4.91
PMC__Open_Orthop_J0.01;143;+4.51
PMC__Open_Respir_Med_J0.01;155;+5.24
PMC__Open_Rheumatol_J0.01;139;+4.35
PMC__Open_Vet_J0.01;120;+3.78
PMC__Open_Virol_J0.01;138;+3.84
PMC__Ophthalmic_Epidemiol0.01;166;+5.38
PMC__Ophthalmol_Eye_Dis0.01;150;+6.27
PMC__Ophthalmol_Ther0.01;145;+5.05
PMC__Ophthalmology0.01;129;+3.9
PMC__Opt_Express0.01;145;+4.3
PMC__Optom_Vis_Sci0.01;142;+4.95
PMC__Oral_Dis0.01;165;+4.95
PMC__Oral_Oncol0.01;147;+5.45
PMC__Org_Lett0.01;136;+2.97
PMC__Organometallics0.01;140;+3.17
PMC__Orphanet_J_Rare_Dis0.01;137;+2.75
PMC__Orth_Unfallchir0.01;74;+.66
PMC__Orthop_J_Sports_Med0.01;143;+4.74
PMC__Orthop_Res_Rev0.01;159;+5.31
PMC__Orthop_Rev_Pavia_0.01;139;+4.08
PMC__Orthop_Surg0.01;172;+5.81
PMC__Osong_Public_Health_Res_Perspect0.01;156;+7.95
PMC__Osteoporos_Int0.01;154;+8.64
PMC__Osteoporos_Sarcopenia0.01;131;+5.18
PMC__Otol_Neurotol0.01;126;+3.09
PMC__Oxf_Med_Case_Reports0.01;157;+4.62
PMC__Oxid_Med_Cell_Longev0.01;149;+5.76
PMC__PLoS_Biol0.01;131;+1.59
PMC__PLoS_Genet0.01;149;+2.87
PMC__PLoS_Med0.01;167;+5.05
PMC__PLoS_Pathog0.01;126;+1.6
PMC__Pac_Symp_Biocomput0.01;130;+3.82
PMC__Pacing_Clin_Electrophysiol0.01;182;+7.79
PMC__Padiatrie0.01;126;+2.11
PMC__Padiatrische_Gastroenterologie_Hepatologie_und_Ernahrung0.01;101;+1.21
PMC__Paediatr_Drugs0.01;143;+4.22
PMC__Paediatr_Respir_Rev0.01;124;+3.83
PMC__Pain0.01;146;+6.61
PMC__Pain_Med0.01;177;+8.37
PMC__Pain_Rep0.01;139;+5.09
PMC__Pain_Res_Manag0.01;133;+3.5
PMC__Pain_Ther0.01;141;+4.41
PMC__Palliat_Med0.01;160;+5.72
PMC__Pancreas0.01;139;+4.36
PMC__Papillomavirus_Res0.01;141;+6.66
PMC__Parasite_Epidemiol_Control0.01;152;+6.52
PMC__Parasitol_Res0.01;154;+7.05
PMC__Parasitology0.01;174;+4.74
PMC__Parkinsons_Dis0.01;135;+3.9
PMC__Pathobiol_Aging_Age_Relat_Dis0.01;157;+4.21
PMC__Pathog_Dis0.01;180;+6.84
PMC__Pathology0.01;134;+4.38
PMC__Patient0.01;150;+4.86
PMC__Patient_Educ_Couns0.01;139;+4.61
PMC__Patient_Prefer_Adherence0.01;180;+8.95
PMC__Patient_Relat_Outcome_Meas0.01;169;+7.42
PMC__Pattern_Recognition0.01;132;+2.57
PMC__Patterns_N_Y_0.01;136;+6.05
PMC__Pediatr_Allergy_Immunol0.01;191;+11.3
PMC__Pediatr_Blood_Cancer0.01;178;+7.56
PMC__Pediatr_Cardiol0.01;143;+4.39
PMC__Pediatr_Crit_Care_Med0.01;129;+3.43
PMC__Pediatr_Gastroenterol_Hepatol_Nutr0.01;150;+5.51
PMC__Pediatr_Infect_Dis_J0.01;137;+4.75
PMC__Pediatr_Investig0.01;163;+4.17
PMC__Pediatr_Nephrol0.01;155;+6.87
PMC__Pediatr_Pulmonol0.01;178;+6.18
PMC__Pediatr_Qual_Saf0.01;134;+4.51
PMC__Pediatr_Radiol0.01;146;+4.62
PMC__Pediatr_Rep0.01;139;+4.09
PMC__Pediatr_Res0.01;177;+7.92
PMC__Pediatr_Rheumatol_Online_J0.01;110;+1.54
PMC__Pediatr_Surg_Int0.01;144;+4.34
PMC__Pediatric_Health_Med_Ther0.01;176;+7.73
PMC__PeerJ0.01;161;+4.28
PMC__Pers_Individ_Dif0.01;137;+5.37
PMC__Persoonia0.01;136;+4.44
PMC__Perspect_Clin_Res0.01;126;+4.0
PMC__Pest_Manag_Sci0.01;188;+9.92
PMC__Pflege_Z0.01;94;+1.1
PMC__Pflugers_Arch0.01;151;+5.82
PMC__Pharm_Biol0.01;170;+4.27
PMC__Pharm_Methods0.01;96;+1.43
PMC__Pharm_Pract_Granada_0.01;143;+4.07
PMC__Pharm_Res0.01;155;+8.15
PMC__Pharmaceut_Med0.01;136;+3.25
PMC__PharmacoEcon_Outcomes_News0.01;63;+.53
PMC__Pharmacoecon_Open0.01;142;+4.49
PMC__Pharmacoeconomics0.01;145;+4.17
PMC__Pharmacoepidemiol_Drug_Saf0.01;187;+9.69
PMC__Pharmacogenomics_J0.01;172;+8.7
PMC__Pharmacogn_Mag0.01;105;+2.06
PMC__Pharmacogn_Rev0.01;101;+2.07
PMC__Pharmacognosy_Res0.01;104;+2.18
PMC__Pharmacol_Res0.01;140;+7.08
PMC__Pharmacol_Res_Perspect0.01;186;+12.63
PMC__Pharmacol_Ther0.01;140;+4.83
PMC__Pharmacotherapy0.01;174;+5.57
PMC__Pharmgenomics_Pers_Med0.01;179;+9.17
PMC__Photoacoustics0.01;143;+5.21
PMC__Photosynth_Res0.01;154;+6.5
PMC__Phys_Imaging_Radiat_Oncol0.01;128;+4.54
PMC__Phys_Rev_E0.01;150;+2.24
PMC__Phys_Ther0.01;166;+5.54
PMC__Physica_A0.01;136;+4.65
PMC__Physiol_Rep0.01;138;+2.16
PMC__Physiother_Can0.01;149;+3.34
PMC__Phytomedicine0.01;133;+5.97
PMC__Phytother_Res0.01;186;+9.0
PMC__Plant_Biotechnol_J0.01;178;+7.71
PMC__Plant_Cell_Physiol0.01;167;+6.11
PMC__Plant_Commun0.01;133;+5.44
PMC__Plant_Direct0.01;178;+6.06
PMC__Plant_Divers0.01;139;+6.31
PMC__Plant_J0.01;179;+9.4
PMC__Plant_Mol_Biol0.01;149;+5.06
PMC__Plant_Pathol_J0.01;139;+5.73
PMC__Plant_Signal_Behav0.01;190;+6.67
PMC__Planta0.01;153;+6.48
PMC__Plast_Reconstr_Surg0.01;135;+4.09
PMC__Plast_Reconstr_Surg_Glob_Open0.01;132;+4.14
PMC__Pneumo_News0.01;117;+2.19
PMC__Pol_J_Microbiol0.01;144;+4.71
PMC__Pol_J_Radiol0.01;135;+5.57
PMC__Popul_Health_Manag0.01;154;+4.45
PMC__Porto_Biomed_J0.01;142;+5.01
PMC__Postdigit_Sci_Educ0.01;122;+1.97
PMC__Postepy_Dermatol_Alergol0.01;121;+3.93
PMC__Postepy_Kardiol_Interwencyjnej0.01;123;+3.26
PMC__Postgrad_Med_J0.01;174;+8.34
PMC__Poult_Sci0.01;158;+6.15
PMC__Pract_Lab_Med0.01;142;+7.3
PMC__Pragmat_Obs_Res0.01;171;+6.73
PMC__Prenat_Diagn0.01;181;+7.06
PMC__Prev_Chronic_Dis0.01;160;+2.96
PMC__Prev_Med0.01;155;+8.23
PMC__Prev_Med_Rep0.01;145;+7.47
PMC__Prev_Nutr_Food_Sci0.01;130;+4.53
PMC__Prev_Vet_Med0.01;137;+6.68
PMC__Prim_Care_Respir_J0.01;92;+1.07
PMC__Prion0.01;191;+7.88
PMC__Proc_Jpn_Acad_Ser_B_Phys_Biol_Sci0.01;158;+6.21
PMC__Proc_Natl_Acad_Sci_U_S_A0.01;151;+3.58
PMC__Procare0.01;111;+1.75
PMC__Procedia_Comput_Sci0.01;112;+1.86
PMC__Prog_Rehabil_Med0.01;117;+2.32
PMC__Prospects_Paris_0.01;115;+2.18
PMC__Prostate0.01;179;+8.43
PMC__Prostate_Cancer_Prostatic_Dis0.01;169;+5.97
PMC__Prostate_Int0.01;133;+5.28
PMC__Protein_Cell0.01;132;+2.78
PMC__Protein_Eng_Des_Sel0.01;170;+7.59
PMC__Protein_Expr_Purif0.01;132;+5.37
PMC__Protein_Sci0.01;181;+8.92
PMC__Proteins0.01;186;+8.28
PMC__Proteomics0.01;188;+9.61
PMC__Protoplasma0.01;151;+5.4
PMC__Prz_Gastroenterol0.01;118;+3.35
PMC__Prz_Menopauzalny0.01;122;+3.64
PMC__Psoriasis_Auckl_0.01;163;+6.06
PMC__Psychiatry_Clin_Neurosci0.01;171;+5.2
PMC__Psychiatry_Investig0.01;145;+5.75
PMC__Psychiatry_Res0.01;140;+6.17
PMC__Psychol_Clin0.01;67;+.8
PMC__Psychol_Med0.01;176;+5.26
PMC__Psychol_Res0.01;140;+3.5
PMC__Psychol_Res_Behav_Manag0.01;178;+8.64
PMC__Psychol_Sci0.01;157;+5.88
PMC__Psychooncology0.01;182;+9.12
PMC__Psychopharmacology_Berl_0.01;155;+6.01
PMC__Psychosoc_Med0.01;110;+1.51
PMC__Public_Adm_Rev0.01;158;+3.58
PMC__Public_Health0.01;140;+5.84
PMC__Pulm_Circ0.01;158;+6.94
PMC__Pulm_Ther0.01;140;+3.91
PMC__Pulmonology0.01;141;+4.89
PMC__Purinergic_Signal0.01;145;+4.21
PMC__QJM0.01;166;+5.93
PMC__Qatar_Med_J0.01;126;+3.37
PMC__Qual_Health_Res0.01;157;+4.08
PMC__Qual_Life_Res0.01;151;+6.4
PMC__RMD_Open0.01;173;+7.99
PMC__RNA_Biol0.01;192;+8.88
PMC__RSC_Adv0.01;138;+2.58
PMC__Radiat_Oncol_J0.01;144;+5.53
PMC__Radiol_Bras0.01;137;+3.65
PMC__Radiol_Cardiothorac_Imaging0.01;130;+2.07
PMC__Radiol_Case_Rep0.01;124;+3.92
PMC__Radiol_Oncol0.01;145;+4.3
PMC__Radiology0.01;158;+4.62
PMC__Radiother_Oncol0.01;139;+6.53
PMC__Rare_Dis0.01;158;+5.44
PMC__Rare_Tumors0.01;155;+4.86
PMC__Reactions_Weekly0.01;75;+.76
PMC__Redox_Biol0.01;139;+6.93
PMC__Regen_Ther0.01;134;+6.04
PMC__Ren_Fail0.01;178;+5.29
PMC__Reprod_Biol_Endocrinol0.01;101;+1.49
PMC__Reprod_Biomed_Soc_Online0.01;132;+4.16
PMC__Reprod_Med_Biol0.01;171;+5.81
PMC__Res_Cardiovasc_Med0.01;129;+3.62
PMC__Res_Pharm_Sci0.01;113;+3.17
PMC__Res_Pract_Thromb_Haemost0.01;178;+7.03
PMC__Res_Psychother0.01;129;+3.19
PMC__Res_Rep_Trop_Med0.01;169;+6.41
PMC__Res_Rep_Urol0.01;162;+6.39
PMC__Res_Social_Adm_Pharm0.01;139;+4.82
PMC__Res_Vet_Sci0.01;130;+4.69
PMC__Resour_Conserv_Recycl0.01;146;+6.88
PMC__Respir_Med0.01;146;+7.09
PMC__Respir_Med_Case_Rep0.01;136;+5.81
PMC__Respir_Res0.01;151;+5.25
PMC__Respirol_Case_Rep0.01;170;+5.85
PMC__Respirology0.01;191;+8.29
PMC__Responsible_Design_Implementation_and_Use_of_Information_and_Communication_Technology0.01;127;+2.39
PMC__Restor_Dent_Endod0.01;149;+5.45
PMC__Restor_Neurol_Neurosci0.01;136;+3.78
PMC__Results_Phys0.01;134;+4.4
PMC__Resuscitation0.01;139;+5.24
PMC__Retina0.01;135;+3.88
PMC__Retrovirology0.01;106;+1.63
PMC__Reumatologia0.01;126;+4.0
PMC__Rev_Bras_Cir_Cardiovasc0.01;150;+3.87
PMC__Rev_Bras_Hematol_Hemoter0.01;154;+5.41
PMC__Rev_Bras_Ortop0.01;129;+3.85
PMC__Rev_Bras_Ortop_Sao_Paulo_0.01;127;+2.9
PMC__Rev_Bras_Ter_Intensiva0.01;142;+3.61
PMC__Rev_Clin_Esp0.01;124;+3.45
PMC__Rev_Esp_Anestesiol_Reanim0.01;125;+3.71
PMC__Rev_Esp_Cardiol0.01;121;+3.42
PMC__Rev_Esp_Cardiol_Engl_Ed_0.01;121;+3.19
PMC__Rev_Esp_Quimioter0.01;135;+4.15
PMC__Rev_Esp_Sanid_Penit0.01;155;+3.44
PMC__Rev_Francoph_Lab0.01;122;+3.05
PMC__Rev_Inst_Med_Trop_Sao_Paulo0.01;162;+4.9
PMC__Rev_Lat_Am_Enfermagem0.01;150;+3.72
PMC__Rev_Mal_Respir0.01;116;+2.67
PMC__Rev_Med_Virol0.01;187;+9.59
PMC__Rev_Neurol_Paris_0.01;117;+2.74
PMC__Rev_Panam_Salud_Publica0.01;156;+4.36
PMC__Rev_Paul_Pediatr0.01;156;+4.31
PMC__Rev_Saude_Publica0.01;157;+4.14
PMC__Rheumatol_Adv_Pract0.01;150;+4.19
PMC__Rheumatol_Int0.01;141;+3.99
PMC__Rheumatol_Ther0.01;140;+4.1
PMC__Rheumatology_Oxford_0.01;170;+7.24
PMC__Risk_Anal0.01;184;+7.3
PMC__Risk_Manag_Healthc_Policy0.01;180;+9.23
PMC__Rom_J_Morphol_Embryol0.01;115;+2.12
PMC__SAGE_Open_Med0.01;161;+8.38
PMC__SAGE_Open_Med_Case_Rep0.01;143;+4.92
PMC__SAGE_Open_Nurs0.01;148;+5.05
PMC__SAS_J0.01;119;+3.5
PMC__SN_Compr_Clin_Med0.01;140;+3.92
PMC__SSM_Popul_Health0.01;140;+7.92
PMC__STAR_Protoc0.01;124;+3.39
PMC__Saf_Health_Work0.01;146;+6.53
PMC__Saf_Sci0.01;136;+5.42
PMC__Sarcoidosis_Vasc_Diffuse_Lung_Dis0.01;122;+3.06
PMC__Saudi_Dent_J0.01;141;+5.18
PMC__Saudi_J_Anaesth0.01;128;+4.83
PMC__Saudi_J_Biol_Sci0.01;145;+5.57
PMC__Saudi_J_Gastroenterol0.01;134;+5.04
PMC__Saudi_J_Med_Med_Sci0.01;135;+4.47
PMC__Saudi_J_Ophthalmol0.01;130;+4.56
PMC__Saudi_Med_J0.01;122;+3.21
PMC__Saudi_Pharm_J0.01;144;+5.39
PMC__Scand_J_Child_Adolesc_Psychiatr_Psychol0.01;142;+3.57
PMC__Scand_J_Immunol0.01;181;+7.32
PMC__Scand_J_Med_Sci_Sports0.01;176;+7.15
PMC__Scand_J_Prim_Health_Care0.01;167;+5.32
PMC__Scand_J_Public_Health0.01;154;+6.15
PMC__Scand_J_Trauma_Resusc_Emerg_Med0.01;143;+3.52
PMC__Scars_Burn_Heal0.01;152;+5.22
PMC__Schizophr_Bull0.01;155;+5.33
PMC__Schizophr_Res0.01;143;+6.0
PMC__Schizophr_Res_Cogn0.01;135;+5.8
PMC__Sci_Adv0.01;151;+3.76
PMC__Sci_China_Life_Sci0.01;112;+1.6
PMC__Sci_Eng_Ethics0.01;146;+4.22
PMC__Sci_Pract_Perspect0.01;114;+1.91
PMC__Sci_Rep0.01;152;+4.48
PMC__Sci_Technol_Adv_Mater0.01;184;+5.71
PMC__Sci_Total_Environ0.01;153;+10.28
PMC__ScientificWorldJournal0.01;147;+4.49
PMC__Scientometrics0.01;151;+7.17
PMC__Scoliosis0.01;90;+.96
PMC__Semergen0.01;119;+3.21
PMC__Semin_Immunopathol0.01;147;+4.3
PMC__Sens_Actuators_B_Chem0.01;145;+5.46
PMC__Sensors_Basel_0.01;142;+4.97
PMC__Sex_Med0.01;172;+6.66
PMC__Sex_Reprod_Health_Matters0.01;182;+4.32
PMC__Sex_Transm_Dis0.01;138;+3.87
PMC__Sex_Transm_Infect0.01;177;+8.51
PMC__Shanghai_Arch_Psychiatry0.01;163;+4.98
PMC__Shock0.01;139;+4.37
PMC__Signal_Transduct_Target_Ther0.01;141;+3.75
PMC__Sisli_Etfal_Hastan_Tip_Bul0.01;112;+3.28
PMC__Skeletal_Radiol0.01;142;+4.0
PMC__Sleep0.01;170;+6.89
PMC__Sleep_Med0.01;142;+6.88
PMC__Sleep_Sci0.01;150;+6.01
PMC__Small_GTPases0.01;192;+6.62
PMC__Soa_Chongsonyon_Chongsin_Uihak0.01;135;+4.98
PMC__Soc_Anthropol0.01;134;+1.43
PMC__Soc_Cogn_Affect_Neurosci0.01;170;+6.9
PMC__Soc_Hist_Med0.01;154;+3.63
PMC__Soc_Indic_Res0.01;151;+5.86
PMC__Soc_Psychiatry_Psychiatr_Epidemiol0.01;147;+4.37
PMC__Soc_Sci_Med0.01;160;+10.14
PMC__South_Asian_J_Cancer0.01;130;+3.72
PMC__Spermatogenesis0.01;146;+3.68
PMC__Spinal_Cord0.01;186;+10.01
PMC__Spinal_Cord_Ser_Cases0.01;141;+3.86
PMC__Spine_Phila_Pa_1976_0.01;140;+5.33
PMC__Spine_Surg_Relat_Res0.01;104;+1.68
PMC__Sports_Health0.01;140;+3.48
PMC__Sports_Med_Int_Open0.01;133;+2.88
PMC__Stat_Med0.01;193;+8.98
PMC__Stat_Methods_Med_Res0.01;152;+4.51
PMC__Stem_Cell_Reports0.01;131;+5.24
PMC__Stem_Cell_Res0.01;149;+6.32
PMC__Stem_Cell_Res_Ther0.01;148;+4.3
PMC__Stem_Cell_Rev_Rep0.01;137;+3.88
PMC__Stem_Cells0.01;185;+10.12
PMC__Stem_Cells_Cloning0.01;166;+6.26
PMC__Stem_Cells_Dev0.01;148;+4.83
PMC__Stem_Cells_Transl_Med0.01;184;+8.58
PMC__Strategies_Trauma_Limb_Reconstr0.01;142;+4.48
PMC__Stroke0.01;130;+2.54
PMC__Stroke_Res_Treat0.01;132;+4.07
PMC__Stroke_Vasc_Neurol0.01;159;+5.58
PMC__Struct_Dyn0.01;154;+3.29
PMC__Structure0.01;142;+6.73
PMC__Stud_Health_Technol_Inform0.01;130;+3.63
PMC__Stud_Ment_Ineffic0.01;55;+.69
PMC__Stud_Mycol0.01;148;+5.78
PMC__Subst_Abuse0.01;167;+8.87
PMC__Subst_Abuse_Rehabil0.01;158;+6.2
PMC__Sultan_Qaboos_Univ_Med_J0.01;131;+3.87
PMC__Summit_on_Translat_Bioinforma0.01;131;+3.27
PMC__Support_Care_Cancer0.01;157;+7.61
PMC__Surg_Endosc0.01;153;+6.16
PMC__Surg_Neurol_Int0.01;135;+3.43
PMC__Surg_Open_Sci0.01;127;+3.5
PMC__Surgery0.01;142;+4.92
PMC__Sustain_Cities_Soc0.01;137;+5.14
PMC__Synth_Syst_Biotechnol0.01;137;+6.47
PMC__Syst_Biol0.01;169;+5.43
PMC__Syst_Synth_Biol0.01;138;+3.45
PMC__Taiwan_J_Ophthalmol0.01;126;+4.68
PMC__Tanaffos0.01;129;+4.79
PMC__Target_Oncol0.01;146;+4.75
PMC__Tech_Coloproctol0.01;128;+3.19
PMC__Tech_Innov_Patient_Support_Radiat_Oncol0.01;131;+4.91
PMC__Technol_Cancer_Res_Treat0.01;155;+6.18
PMC__Technol_Forecast_Soc_Change0.01;150;+6.09
PMC__Technol_Health_Care0.01;119;+2.1
PMC__Temperature_Austin_0.01;190;+6.07
PMC__The_Nidoviruses0.01;78;+.64
PMC__Theor_Appl_Genet0.01;154;+5.71
PMC__Ther_Adv_Cardiovasc_Dis0.01;155;+6.19
PMC__Ther_Adv_Chronic_Dis0.01;150;+6.13
PMC__Ther_Adv_Drug_Saf0.01;155;+7.28
PMC__Ther_Adv_Endocrinol_Metab0.01;149;+6.16
PMC__Ther_Adv_Hematol0.01;143;+4.9
PMC__Ther_Adv_Infect_Dis0.01;149;+5.32
PMC__Ther_Adv_Med_Oncol0.01;154;+6.56
PMC__Ther_Adv_Musculoskelet_Dis0.01;149;+5.75
PMC__Ther_Adv_Neurol_Disord0.01;154;+6.92
PMC__Ther_Adv_Ophthalmol0.01;153;+6.33
PMC__Ther_Adv_Psychopharmacol0.01;158;+7.42
PMC__Ther_Adv_Respir_Dis0.01;152;+6.64
PMC__Ther_Adv_Urol0.01;151;+6.11
PMC__Ther_Clin_Risk_Manag0.01;177;+8.96
PMC__Theranostics0.01;125;+3.5
PMC__Therap_Adv_Gastroenterol0.01;151;+6.44
PMC__Thorac_Cancer0.01;178;+8.55
PMC__Thorac_Cardiovasc_Surg_Rep0.01;131;+3.0
PMC__Thorax0.01;165;+6.29
PMC__Thromb_Haemost0.01;154;+5.24
PMC__Thromb_Res0.01;137;+5.04
PMC__Tijdschr_Bedr_Verzekeringsgeneeskd0.01;110;+1.94
PMC__Tissue_Barriers0.01;192;+8.48
PMC__Tob_Control0.01;170;+7.61
PMC__Tob_Prev_Cessat0.01;131;+4.57
PMC__Tob_Use_Insights0.01;152;+7.18
PMC__Tomography0.01;143;+4.58
PMC__Tour_Manag0.01;136;+4.99
PMC__Toxicol_Int0.01;100;+1.62
PMC__Toxicol_Rep0.01;147;+5.81
PMC__Toxicol_Res0.01;145;+6.31
PMC__Toxicol_Sci0.01;177;+8.68
PMC__Toxicon_X0.01;139;+7.06
PMC__Traffic0.01;183;+7.03
PMC__Trans_Edinb_Obstet_Soc0.01;62;+.75
PMC__Trans_Epidemiol_Soc_Lond0.01;66;+.86
PMC__Trans_Indian_Natl0.01;136;+3.26
PMC__Trans_Med_Chir_Soc_Edinb0.01;69;+.98
PMC__Trans_R_Soc_Trop_Med_Hyg0.01;177;+7.77
PMC__Transbound_Emerg_Dis0.01;175;+6.19
PMC__Transcription0.01;185;+6.25
PMC__Transfus_Apher_Sci0.01;132;+5.08
PMC__Transfusion0.01;194;+12.87
PMC__Transgenic_Res0.01;151;+5.27
PMC__Transl_Androl_Urol0.01;129;+2.66
PMC__Transl_Anim_Sci0.01;161;+5.88
PMC__Transl_Behav_Med0.01;158;+4.19
PMC__Transl_Clin_Pharmacol0.01;160;+7.05
PMC__Transl_Neurosci0.01;148;+5.14
PMC__Transl_Oncol0.01;139;+6.79
PMC__Transl_Psychiatry0.01;160;+5.28
PMC__Transl_Vis_Sci_Technol0.01;164;+5.25
PMC__Transpl_Infect_Dis0.01;181;+7.15
PMC__Transpl_Int0.01;183;+8.65
PMC__Transplant_Direct0.01;136;+4.18
PMC__Transplant_Proc0.01;119;+2.6
PMC__Transplantation0.01;141;+4.81
PMC__Trauma_Case_Rep0.01;123;+3.53
PMC__Trauma_Mon0.01;117;+2.81
PMC__Trauma_Surg_Acute_Care_Open0.01;166;+7.12
PMC__Travel_Med_Infect_Dis0.01;139;+5.21
PMC__Tremor_Other_Hyperkinet_Mov_N_Y_0.01;149;+5.38
PMC__Trends_Biotechnol0.01;141;+5.2
PMC__Trends_Hear0.01;156;+6.5
PMC__Trends_Immunol0.01;138;+4.15
PMC__Trends_Microbiol0.01;138;+4.86
PMC__Trials0.01;149;+5.55
PMC__Trop_Anim_Health_Prod0.01;147;+5.34
PMC__Trop_Med_Health0.01;152;+4.82
PMC__Trop_Med_Int_Health0.01;185;+9.13
PMC__Trop_Parasitol0.01;132;+4.71
PMC__Tuberc_Respir_Dis_Seoul_0.01;152;+6.25
PMC__Tumour_Biol0.01;170;+10.64
PMC__Turk_Gogus_Kalp_Damar_Cerrahisi_Derg0.01;119;+2.73
PMC__Turk_J_Anaesthesiol_Reanim0.01;129;+4.46
PMC__Turk_J_Emerg_Med0.01;140;+5.12
PMC__Turk_Pediatri_Ars0.01;126;+3.81
PMC__Tzu_Chi_Med_J0.01;133;+5.09
PMC__Ulster_Med_J0.01;140;+4.28
PMC__Ultrason_Sonochem0.01;140;+4.39
PMC__Ultrasonography0.01;130;+4.27
PMC__Ultrasound_Int_Open0.01;133;+2.68
PMC__Ultrasound_Obstet_Gynecol0.01;174;+5.92
PMC__United_European_Gastroenterol_J0.01;177;+6.81
PMC__Ups_J_Med_Sci0.01;177;+5.2
PMC__Urol_Ann0.01;122;+3.86
PMC__Urol_Case_Rep0.01;130;+4.69
PMC__Urologe_A0.01;125;+2.68
PMC__Urology0.01;125;+3.34
PMC__Vaccine0.01;154;+9.75
PMC__Value_Health0.01;140;+6.06
PMC__Vasc_Health_Risk_Manag0.01;172;+7.26
PMC__Vasc_Specialist_Int0.01;130;+4.19
PMC__Vet_Anim_Sci0.01;138;+6.7
PMC__Vet_Clin_North_Am_Exot_Anim_Pract0.01;121;+3.26
PMC__Vet_Clin_North_Am_Food_Anim_Pract0.01;123;+2.73
PMC__Vet_Clin_North_Am_Small_Anim_Pract0.01;126;+3.27
PMC__Vet_Immunol_Immunopathol0.01;131;+5.36
PMC__Vet_J0.01;132;+5.87
PMC__Vet_Med_Auckl_0.01;170;+7.08
PMC__Vet_Med_Int0.01;141;+4.41
PMC__Vet_Med_Sci0.01;173;+5.42
PMC__Vet_Microbiol0.01;132;+5.16
PMC__Vet_Parasitol0.01;125;+4.38
PMC__Vet_Rec0.01;184;+7.29
PMC__Vet_Rec_Open0.01;166;+7.54
PMC__Vet_Res0.01;173;+7.51
PMC__Vet_Res_Commun0.01;145;+4.49
PMC__Vet_Res_Forum0.01;113;+2.72
PMC__VideoGIE0.01;118;+2.95
PMC__Virchows_Arch0.01;151;+4.48
PMC__Virol_Sin0.01;132;+3.44
PMC__Virology0.01;144;+7.36
PMC__Virulence0.01;191;+8.58
PMC__Virus_Evol0.01;159;+4.82
PMC__Virus_Genes0.01;146;+5.55
PMC__Virus_Res0.01;140;+6.33
PMC__Virusdisease0.01;143;+4.7
PMC__Viszeralmedizin0.01;115;+2.11
PMC__Vox_Sang0.01;182;+9.07
PMC__Water_Air_Soil_Pollut0.01;152;+5.81
PMC__Water_Res0.01;148;+8.58
PMC__Water_Res_X0.01;143;+6.68
PMC__West_J_Emerg_Med0.01;142;+4.43
PMC__Wideochir_Inne_Tech_Maloinwazyjne0.01;118;+3.63
PMC__Wien_Klin_Wochenschr0.01;153;+5.01
PMC__Wiley_Interdiscip_Rev_RNA0.01;176;+6.81
PMC__Womens_Health_Lond_0.01;165;+7.33
PMC__Work0.01;141;+4.04
PMC__World_Allergy_Organ_J0.01;144;+6.19
PMC__World_Dev0.01;148;+6.78
PMC__World_J_Cardiol0.01;106;+2.78
PMC__World_J_Clin_Cases0.01;106;+2.78
PMC__World_J_Clin_Oncol0.01;106;+2.78
PMC__World_J_Clin_Pediatr0.01;108;+2.74
PMC__World_J_Crit_Care_Med0.01;105;+2.45
PMC__World_J_Diabetes0.01;107;+3.34
PMC__World_J_Gastroenterol0.01;106;+2.78
PMC__World_J_Gastrointest_Endosc0.01;106;+2.78
PMC__World_J_Gastrointest_Oncol0.01;107;+3.37
PMC__World_J_Gastrointest_Pathophysiol0.01;107;+3.37
PMC__World_J_Gastrointest_Pharmacol_Ther0.01;110;+2.52
PMC__World_J_Gastrointest_Surg0.01;106;+2.78
PMC__World_J_Hepatol0.01;106;+2.78
PMC__World_J_Mens_Health0.01;148;+5.32
PMC__World_J_Nephrol0.01;107;+3.37
PMC__World_J_Nucl_Med0.01;120;+3.97
PMC__World_J_Oncol0.01;120;+3.01
PMC__World_J_Orthop0.01;110;+2.52
PMC__World_J_Otorhinolaryngol_Head_Neck_Surg0.01;136;+6.15
PMC__World_J_Pediatr0.01;137;+3.68
PMC__World_J_Psychiatry0.01;108;+3.29
PMC__World_J_Radiol0.01;108;+2.74
PMC__World_J_Stem_Cells0.01;107;+3.34
PMC__World_J_Surg0.01;154;+5.59
PMC__World_J_Surg_Oncol0.01;119;+2.42
PMC__World_J_Transplant0.01;108;+2.74
PMC__World_J_Urol0.01;143;+4.09
PMC__World_Neurosurg0.01;121;+3.29
PMC__World_Neurosurg_X0.01;125;+3.84
PMC__Worm0.01;157;+5.24
PMC__Yale_J_Biol_Med0.01;136;+2.65
PMC__Yearb_Med_Inform0.01;117;+2.06
PMC__Yeungnam_Univ_J_Med0.01;123;+3.16
PMC__Yonsei_Med_J0.01;151;+6.47
PMC__Z_Gesundh_Wiss0.01;151;+6.75
PMC__Z_Rheumatol0.01;136;+3.43
PMC__Zdr_Varst0.01;160;+5.6
PMC__Zhonghua_Xue_Ye_Xue_Za_Zhi0.01;131;+3.24
PMC__Zool_Res0.01;136;+2.89
PMC__Zoonoses_Public_Health0.01;180;+8.35
PMC__bioRxiv0.01;145;+2.86
PMC_comm-use_A-B_O-Z;352;+34.46
PsychOpen;150;+3.09
STEM;357;+34.18
HUM;223;+13.09
ECON;131;+1.72
DeGruyter0.01;165;+4.6
ScienceOpen0.01;230;+20.33
DeGruyter;172;+4.67
JohnBenjamins;281;+6.65
OUP;173;+4.96
